Jacob,Sophia,SMITH,,,,,,,,,,
Mason,Isabella,JOHNSON,,,,,,,,,,
William,Emma,WILLIAMS,,,,,,,,,,
Jayden,Olivia,JONES,,,,,,,,,,
Noah,Ava,BROWN,,,,,,,,,,
Michael,Emily,DAVIS,,,,,,,,,,
Ethan,Abigail,MILLER,,,,,,,,,,
Alexander,Madison,WILSON,,,,,,,,,,
Aiden,Mia,MOORE,,,,,,,,,,
Daniel,Chloe,TAYLOR,,,,,,,,,,
Anthony,Elizabeth,ANDERSON,,,,,,,,,,
Matthew,Ella,THOMAS,,,,,,,,,,
Elijah,Addison,JACKSON,,,,,,,,,,
Joshua,Natalie,WHITE,,,,,,,,,,
Liam,Lily,HARRIS,,,,,,,,,,
Andrew,Grace,MARTIN,,,,,,,,,,
James,Samantha,THOMPSON,,,,,,,,,,
David,Avery,GARCIA,,,,,,,,,,
Benjamin,Sofia,MARTINEZ,,,,,,,,,,
Logan,Aubrey,ROBINSON,,,,,,,,,,
Christopher,Brooklyn,CLARK,,,,,,,,,,
Joseph,Lillian,RODRIGUEZ,,,,,,,,,,
Jackson,Victoria,LEWIS,,,,,,,,,,
Gabriel,Evelyn,LEE,,,,,,,,,,
Ryan,Hannah,WALKER,,,,,,,,,,
Samuel,Alexis,HALL,,,,,,,,,,
John,Charlotte,ALLEN,,,,,,,,,,
Nathan,Zoey,YOUNG,,,,,,,,,,
Lucas,Leah,HERNANDEZ,,,,,,,,,,
Christian,Amelia,KING,,,,,,,,,,
Jonathan,Zoe,WRIGHT,,,,,,,,,,
Caleb,Hailey,LOPEZ,,,,,,,,,,
Dylan,Layla,HILL,,,,,,,,,,
Landon,Gabriella,SCOTT,,,,,,,,,,
Isaac,Nevaeh,GREEN,,,,,,,,,,
Gavin,Kaylee,ADAMS,,,,,,,,,,
Brayden,Alyssa,BAKER,,,,,,,,,,
Tyler,Anna,GONZALEZ,,,,,,,,,,
Luke,Sarah,NELSON,,,,,,,,,,
Evan,Allison,CARTER,,,,,,,,,,
Carter,Savannah,MITCHELL,,,,,,,,,,
Nicholas,Ashley,PEREZ,,,,,,,,,,
Isaiah,Audrey,ROBERTS,,,,,,,,,,
Owen,Taylor,TURNER,,,,,,,,,,
Jack,Brianna,PHILLIPS,,,,,,,,,,
Jordan,Aaliyah,CAMPBELL,,,,,,,,,,
Brandon,Riley,PARKER,,,,,,,,,,
Wyatt,Camila,EVANS,,,,,,,,,,
Julian,Khloe,EDWARDS,,,,,,,,,,
Aaron,Claire,COLLINS,,,,,,,,,,
Jeremiah,Sophie,STEWART,,,,,,,,,,
Angel,Arianna,SANCHEZ,,,,,,,,,,
Cameron,Peyton,MORRIS,,,,,,,,,,
Connor,Harper,ROGERS,,,,,,,,,,
Hunter,Alexa,REED,,,,,,,,,,
Adrian,Makayla,COOK,,,,,,,,,,
Henry,Julia,MORGAN,,,,,,,,,,
Eli,Kylie,BELL,,,,,,,,,,
Justin,Kayla,MURPHY,,,,,,,,,,
Austin,Bella,BAILEY,,,,,,,,,,
Robert,Katherine,RIVERA,,,,,,,,,,
Charles,Lauren,COOPER,,,,,,,,,,
Thomas,Gianna,RICHARDSON,,,,,,,,,,
Zachary,Maya,COX,,,,,,,,,,
Jose,Sydney,HOWARD,,,,,,,,,,
Levi,Serenity,WARD,,,,,,,,,,
Kevin,Kimberly,TORRES,,,,,,,,,,
Sebastian,Mackenzie,PETERSON,,,,,,,,,,
Chase,Autumn,GRAY,,,,,,,,,,
Ayden,Jocelyn,RAMIREZ,,,,,,,,,,
Jason,Faith,JAMES,,,,,,,,,,
Ian,Lucy,WATSON,,,,,,,,,,
Blake,Stella,BROOKS,,,,,,,,,,
Colton,Jasmine,KELLY,,,,,,,,,,
Bentley,Morgan,SANDERS,,,,,,,,,,
Dominic,Alexandra,PRICE,,,,,,,,,,
Xavier,Trinity,BENNETT,,,,,,,,,,
Oliver,Molly,WOOD,,,,,,,,,,
Parker,Madelyn,BARNES,,,,,,,,,,
Josiah,Scarlett,ROSS,,,,,,,,,,
Adam,Andrea,HENDERSON,,,,,,,,,,
Cooper,Genesis,COLEMAN,,,,,,,,,,
Brody,Eva,JENKINS,,,,,,,,,,
Nathaniel,Ariana,PERRY,,,,,,,,,,
Carson,Madeline,POWELL,,,,,,,,,,
Jaxon,Brooke,LONG,,,,,,,,,,
Tristan,Caroline,PATTERSON,,,,,,,,,,
Luis,Bailey,HUGHES,,,,,,,,,,
Juan,Melanie,FLORES,,,,,,,,,,
Hayden,Kennedy,WASHINGTON,,,,,,,,,,
Carlos,Destiny,BUTLER,,,,,,,,,,
Jesus,Maria,SIMMONS,,,,,,,,,,
Nolan,Naomi,FOSTER,,,,,,,,,,
Cole,London,GONZALES,,,,,,,,,,
Alex,Payton,BRYANT,,,,,,,,,,
Max,Lydia,ALEXANDER,,,,,,,,,,
Grayson,Ellie,RUSSELL,,,,,,,,,,
Bryson,Mariah,GRIFFIN,,,,,,,,,,
Diego,Aubree,DIAZ,,,,,,,,,,
Jaden,Kaitlyn,HAYES,,,,,,,,,,
Vincent,Violet,MYERS,,,,,,,,,,
Easton,Rylee,FORD,,,,,,,,,,
Eric,Lilly,HAMILTON,,,,,,,,,,
Micah,Angelina,GRAHAM,,,,,,,,,,
Kayden,Katelyn,SULLIVAN,,,,,,,,,,
Jace,Mya,WALLACE,,,,,,,,,,
Aidan,Paige,WOODS,,,,,,,,,,
Ryder,Natalia,COLE,,,,,,,,,,
Ashton,Ruby,WEST,,,,,,,,,,
Bryan,Piper,JORDAN,,,,,,,,,,
Riley,Annabelle,OWENS,,,,,,,,,,
Hudson,Mary,REYNOLDS,,,,,,,,,,
Asher,Jade,FISHER,,,,,,,,,,
Bryce,Isabelle,ELLIS,,,,,,,,,,
Miles,Liliana,HARRISON,,,,,,,,,,
Kaleb,Nicole,GIBSON,,,,,,,,,,
Giovanni,Rachel,MCDONALD,,,,,,,,,,
Antonio,Vanessa,CRUZ,,,,,,,,,,
Kaden,Gabrielle,MARSHALL,,,,,,,,,,
Colin,Jessica,ORTIZ,,,,,,,,,,
Kyle,Jordyn,GOMEZ,,,,,,,,,,
Brian,Reagan,MURRAY,,,,,,,,,,
Timothy,Kendall,FREEMAN,,,,,,,,,,
Steven,Sadie,WELLS,,,,,,,,,,
Sean,Valeria,WEBB,,,,,,,,,,
Miguel,Brielle,SIMPSON,,,,,,,,,,
Richard,Lyla,STEVENS,,,,,,,,,,
Ivan,Isabel,TUCKER,,,,,,,,,,
Jake,Brooklynn,PORTER,,,,,,,,,,
Alejandro,Reese,HUNTER,,,,,,,,,,
Santiago,Sara,HICKS,,,,,,,,,,
Axel,Adriana,CRAWFORD,,,,,,,,,,
Joel,Aliyah,HENRY,,,,,,,,,,
Maxwell,Jennifer,BOYD,,,,,,,,,,
Brady,Mckenzie,MASON,,,,,,,,,,
Caden,Gracie,MORALES,,,,,,,,,,
Preston,Nora,KENNEDY,,,,,,,,,,
Damian,Kylee,WARREN,,,,,,,,,,
Elias,Makenzie,DIXON,,,,,,,,,,
Jaxson,Izabella,RAMOS,,,,,,,,,,
Jesse,Laila,REYES,,,,,,,,,,
Victor,Alice,BURNS,,,,,,,,,,
Patrick,Amy,GORDON,,,,,,,,,,
Jonah,Michelle,SHAW,,,,,,,,,,
Marcus,Skylar,HOLMES,,,,,,,,,,
Rylan,Stephanie,RICE,,,,,,,,,,
Emmanuel,Juliana,ROBERTSON,,,,,,,,,,
Edward,Rebecca,HUNT,,,,,,,,,,
Leonardo,Jayla,BLACK,,,,,,,,,,
Cayden,Eleanor,DANIELS,,,,,,,,,,
Grant,Clara,PALMER,,,,,,,,,,
Jeremy,Giselle,MILLS,,,,,,,,,,
Braxton,Valentina,NICHOLS,,,,,,,,,,
Gage,Vivian,GRANT,,,,,,,,,,
Jude,Alaina,KNIGHT,,,,,,,,,,
Wesley,Eliana,FERGUSON,,,,,,,,,,
Devin,Aria,ROSE,,,,,,,,,,
Roman,Valerie,STONE,,,,,,,,,,
Mark,Haley,HAWKINS,,,,,,,,,,
Camden,Elena,DUNN,,,,,,,,,,
Kaiden,Catherine,PERKINS,,,,,,,,,,
Oscar,Elise,HUDSON,,,,,,,,,,
Alan,Lila,SPENCER,,,,,,,,,,
Malachi,Megan,GARDNER,,,,,,,,,,
George,Gabriela,STEPHENS,,,,,,,,,,
Peyton,Daisy,PAYNE,,,,,,,,,,
Leo,Jada,PIERCE,,,,,,,,,,
Nicolas,Daniela,BERRY,,,,,,,,,,
Maddox,Penelope,MATTHEWS,,,,,,,,,,
Kenneth,Jenna,ARNOLD,,,,,,,,,,
Mateo,Ashlyn,WAGNER,,,,,,,,,,
Sawyer,Delilah,WILLIS,,,,,,,,,,
Collin,Summer,RAY,,,,,,,,,,
Conner,Mila,WATKINS,,,,,,,,,,
Cody,Kate,OLSON,,,,,,,,,,
Andres,Keira,CARROLL,,,,,,,,,,
Declan,Adrianna,DUNCAN,,,,,,,,,,
Lincoln,Hadley,SNYDER,,,,,,,,,,
Bradley,Julianna,HART,,,,,,,,,,
Trevor,Maci,CUNNINGHAM,,,,,,,,,,
Derek,Eden,BRADLEY,,,,,,,,,,
Tanner,Josephine,LANE,,,,,,,,,,
Silas,Aurora,ANDREWS,,,,,,,,,,
Eduardo,Melissa,RUIZ,,,,,,,,,,
Seth,Hayden,HARPER,,,,,,,,,,
Jaiden,Alana,FOX,,,,,,,,,,
Paul,Margaret,RILEY,,,,,,,,,,
Jorge,Quinn,ARMSTRONG,,,,,,,,,,
Cristian,Angela,CARPENTER,,,,,,,,,,
Garrett,Brynn,WEAVER,,,,,,,,,,
Travis,Alivia,GREENE,,,,,,,,,,
Abraham,Katie,LAWRENCE,,,,,,,,,,
Omar,Ryleigh,ELLIOTT,,,,,,,,,,
Javier,Kinley,CHAVEZ,,,,,,,,,,
Ezekiel,Paisley,SIMS,,,,,,,,,,
Tucker,Jordan,AUSTIN,,,,,,,,,,
Harrison,Aniyah,PETERS,,,,,,,,,,
Peter,Allie,KELLEY,,,,,,,,,,
Damien,Miranda,FRANKLIN,,,,,,,,,,
Greyson,Jacqueline,LAWSON,,,,,,,,,,
Avery,Melody,FIELDS,,,,,,,,,,
Kai,Willow,GUTIERREZ,,,,,,,,,,
Weston,Diana,RYAN,,,,,,,,,,
Ezra,Cora,SCHMIDT,,,,,,,,,,
Xander,Alexandria,CARR,,,,,,,,,,
Jaylen,Mikayla,VASQUEZ,,,,,,,,,,
Corbin,Danielle,CASTILLO,,,,,,,,,,
Fernando,Londyn,WHEELER,,,,,,,,,,
Calvin,Addyson,CHAPMAN,,,,,,,,,,
Jameson,Amaya,OLIVER,,,,,,,,,,
Francisco,Hazel,MONTGOMERY,,,,,,,,,,
Maximus,Callie,RICHARDS,,,,,,,,,,
Josue,Teagan,WILLIAMSON,,,,,,,,,,
Ricardo,Adalyn,JOHNSTON,,,,,,,,,,
Shane,Ximena,BANKS,,,,,,,,,,
Trenton,Angel,MEYER,,,,,,,,,,
Cesar,Kinsley,BISHOP,,,,,,,,,,
Chance,Shelby,MCCOY,,,,,,,,,,
Drake,Makenna,HOWELL,,,,,,,,,,
Zane,Ariel,ALVAREZ,,,,,,,,,,
Israel,Jillian,MORRISON,,,,,,,,,,
Emmett,Chelsea,HANSEN,,,,,,,,,,
Jayce,Alayna,FERNANDEZ,,,,,,,,,,
Mario,Harmony,GARZA,,,,,,,,,,
Landen,Sienna,HARVEY,,,,,,,,,,
Kingston,Amanda,LITTLE,,,,,,,,,,
Spencer,Presley,BURTON,,,,,,,,,,
Griffin,Maggie,STANLEY,,,,,,,,,,
Stephen,Tessa,NGUYEN,,,,,,,,,,
Manuel,Leila,GEORGE,,,,,,,,,,
Theodore,Hope,JACOBS,,,,,,,,,,
Erick,Genevieve,REID,,,,,,,,,,
Braylon,Erin,KIM,,,,,,,,,,
Raymond,Briana,FULLER,,,,,,,,,,
Edwin,Delaney,LYNCH,,,,,,,,,,
Charlie,Esther,DEAN,,,,,,,,,,
Abel,Kathryn,GILBERT,,,,,,,,,,
Myles,Ana,GARRETT,,,,,,,,,,
Bennett,Mckenna,ROMERO,,,,,,,,,,
Johnathan,Camille,WELCH,,,,,,,,,,
Andre,Cecilia,LARSON,,,,,,,,,,
Alexis,Lucia,FRAZIER,,,,,,,,,,
Edgar,Lola,BURKE,,,,,,,,,,
Troy,Leilani,HANSON,,,,,,,,,,
Zion,Leslie,DAY,,,,,,,,,,
Jeffrey,Ashlynn,MENDOZA,,,,,,,,,,
Hector,Kayleigh,MORENO,,,,,,,,,,
Shawn,Alondra,BOWMAN,,,,,,,,,,
Lukas,Alison,MEDINA,,,,,,,,,,
Amir,Haylee,FOWLER,,,,,,,,,,
Tyson,Carly,BREWER,,,,,,,,,,
Keegan,Juliet,HOFFMAN,,,,,,,,,,
Kyler,Lexi,CARLSON,,,,,,,,,,
Donovan,Kelsey,SILVA,,,,,,,,,,
Graham,Eliza,PEARSON,,,,,,,,,,
Simon,Josie,HOLLAND,,,,,,,,,,
Everett,Marissa,DOUGLAS,,,,,,,,,,
Clayton,Marley,FLEMING,,,,,,,,,,
Braden,Alicia,JENSEN,,,,,,,,,,
Luca,Amber,VARGAS,,,,,,,,,,
Emanuel,Sabrina,BYRD,,,,,,,,,,
Martin,Kaydence,DAVIDSON,,,,,,,,,,
Brendan,Norah,HOPKINS,,,,,,,,,,
Cash,Allyson,MAY,,,,,,,,,,
Zander,Alina,TERRY,,,,,,,,,,
Jared,Ivy,HERRERA,,,,,,,,,,
Ryker,Fiona,WADE,,,,,,,,,,
Dante,Isla,SOTO,,,,,,,,,,
Dominick,Nadia,WALTERS,,,,,,,,,,
Lane,Kyleigh,CURTIS,,,,,,,,,,
Kameron,Christina,NEAL,,,,,,,,,,
Elliot,Emery,CALDWELL,,,,,,,,,,
Paxton,Laura,LOWE,,,,,,,,,,
Rafael,Cheyenne,JENNINGS,,,,,,,,,,
Andy,Alexia,BARNETT,,,,,,,,,,
Dalton,Emerson,GRAVES,,,,,,,,,,
Erik,Sierra,JIMENEZ,,,,,,,,,,
Sergio,Luna,HORTON,,,,,,,,,,
Gregory,Cadence,SHELTON,,,,,,,,,,
Marco,Daniella,BARRETT,,,,,,,,,,
Emiliano,Fatima,OBRIEN,,,,,,,,,,
Jasper,Bianca,CASTRO,,,,,,,,,,
Johnny,Cassidy,SUTTON,,,,,,,,,,
Dean,Veronica,GREGORY,,,,,,,,,,
Drew,Kyla,MCKINNEY,,,,,,,,,,
Caiden,Evangeline,LUCAS,,,,,,,,,,
Skyler,Karen,MILES,,,,,,,,,,
Judah,Adeline,CRAIG,,,,,,,,,,
Maximiliano,Jazmine,RODRIQUEZ,,,,,,,,,,
Aden,Mallory,CHAMBERS,,,,,,,,,,
Fabian,Rose,HOLT,,,,,,,,,,
Zayden,Jayden,LAMBERT,,,,,,,,,,
Brennan,Kendra,FLETCHER,,,,,,,,,,
Anderson,Camryn,WATTS,,,,,,,,,,
Roberto,Macy,BATES,,,,,,,,,,
Reid,Abby,HALE,,,,,,,,,,
Quinn,Dakota,RHODES,,,,,,,,,,
Angelo,Mariana,PENA,,,,,,,,,,
Holden,Gia,BECK,,,,,,,,,,
Cruz,Adelyn,NEWMAN,,,,,,,,,,
Derrick,Madilyn,HAYNES,,,,,,,,,,
Grady,Jazmin,MCDANIEL,,,,,,,,,,
Emilio,Iris,MENDEZ,,,,,,,,,,
Finn,Nina,BUSH,,,,,,,,,,
Elliott,Georgia,VAUGHN,,,,,,,,,,
Pedro,Lilah,PARKS,,,,,,,,,,
Amari,Breanna,DAWSON,,,,,,,,,,
Frank,Kenzie,SANTIAGO,,,,,,,,,,
Rowan,Jayda,NORRIS,,,,,,,,,,
Lorenzo,Phoebe,HARDY,,,,,,,,,,
Felix,Lilliana,LOVE,,,,,,,,,,
Corey,Kamryn,STEELE,,,,,,,,,,
Dakota,Athena,CURRY,,,,,,,,,,
Colby,Malia,POWERS,,,,,,,,,,
Braylen,Nyla,SCHULTZ,,,,,,,,,,
Dawson,Miley,BARKER,,,,,,,,,,
Brycen,Heaven,GUZMAN,,,,,,,,,,
Allen,Audrina,PAGE,,,,,,,,,,
Jax,Madeleine,MUNOZ,,,,,,,,,,
Brantley,Kiara,BALL,,,,,,,,,,
Ty,Selena,KELLER,,,,,,,,,,
Malik,Maddison,CHANDLER,,,,,,,,,,
Ruben,Giuliana,WEBER,,,,,,,,,,
Trey,Emilia,LEONARD,,,,,,,,,,
Brock,Lyric,WALSH,,,,,,,,,,
Colt,Joanna,LYONS,,,,,,,,,,
Dallas,Adalynn,RAMSEY,,,,,,,,,,
Joaquin,Annabella,WOLFE,,,,,,,,,,
Leland,Fernanda,SCHNEIDER,,,,,,,,,,
Beckett,Aubrie,MULLINS,,,,,,,,,,
Jett,Heidi,BENSON,,,,,,,,,,
Louis,Esmeralda,SHARP,,,,,,,,,,
Gunner,Kira,BOWEN,,,,,,,,,,
Adan,Elliana,DANIEL,,,,,,,,,,
Jakob,Arabella,BARBER,,,,,,,,,,
Cohen,Kelly,CUMMINGS,,,,,,,,,,
Taylor,Karina,HINES,,,,,,,,,,
Arthur,Paris,BALDWIN,,,,,,,,,,
Marcos,Caitlyn,GRIFFITH,,,,,,,,,,
Marshall,Kara,VALDEZ,,,,,,,,,,
Ronald,Raegan,HUBBARD,,,,,,,,,,
Julius,Miriam,SALAZAR,,,,,,,,,,
Armando,Crystal,REEVES,,,,,,,,,,
Kellen,Alejandra,WARNER,,,,,,,,,,
Dillon,Tatum,STEVENSON,,,,,,,,,,
Brooks,Savanna,BURGESS,,,,,,,,,,
Cade,Tiffany,SANTOS,,,,,,,,,,
Danny,Ayla,TATE,,,,,,,,,,
Nehemiah,Carmen,CROSS,,,,,,,,,,
Beau,Maliyah,GARNER,,,,,,,,,,
Jayson,Karla,MANN,,,,,,,,,,
Devon,Bethany,MACK,,,,,,,,,,
Tristen,Guadalupe,MOSS,,,,,,,,,,
Enrique,Kailey,THORNTON,,,,,,,,,,
Randy,Macie,DENNIS,,,,,,,,,,
Gerardo,Gemma,MCGEE,,,,,,,,,,
Pablo,Noelle,FARMER,,,,,,,,,,
Desmond,Rylie,DELGADO,,,,,,,,,,
Raul,Elaina,AGUILAR,,,,,,,,,,
Romeo,Lena,VEGA,,,,,,,,,,
Milo,Amiyah,GLOVER,,,,,,,,,,
Julio,Ruth,MANNING,,,,,,,,,,
Kellan,Ainsley,COHEN,,,,,,,,,,
Karson,Finley,HARMON,,,,,,,,,,
Titus,Danna,RODGERS,,,,,,,,,,
Keaton,Parker,ROBBINS,,,,,,,,,,
Keith,Emely,NEWTON,,,,,,,,,,
Reed,Jane,TODD,,,,,,,,,,
Ali,Joselyn,BLAIR,,,,,,,,,,
Braydon,Scarlet,HIGGINS,,,,,,,,,,
Dustin,Anastasia,INGRAM,,,,,,,,,,
Scott,Journey,REESE,,,,,,,,,,
Trent,Angelica,CANNON,,,,,,,,,,
Waylon,Sasha,STRICKLAND,,,,,,,,,,
Walter,Yaretzi,TOWNSEND,,,,,,,,,,
Donald,Charlie,POTTER,,,,,,,,,,
Ismael,Juliette,GOODWIN,,,,,,,,,,
Phillip,Lia,WALTON,,,,,,,,,,
Iker,Brynlee,ROWE,,,,,,,,,,
Esteban,Angelique,HAMPTON,,,,,,,,,,
Jaime,Katelynn,ORTEGA,,,,,,,,,,
Landyn,Nayeli,PATTON,,,,,,,,,,
Darius,Vivienne,SWANSON,,,,,,,,,,
Dexter,Addisyn,JOSEPH,,,,,,,,,,
Matteo,Kaelyn,FRANCIS,,,,,,,,,,
Colten,Annie,GOODMAN,,,,,,,,,,
Emerson,Tiana,MALDONADO,,,,,,,,,,
Phoenix,Kyra,YATES,,,,,,,,,,
King,Janelle,BECKER,,,,,,,,,,
Izaiah,Cali,ERICKSON,,,,,,,,,,
Karter,Aleah,HODGES,,,,,,,,,,
Albert,Caitlin,RIOS,,,,,,,,,,
Jerry,Imani,CONNER,,,,,,,,,,
Tate,Jayleen,ADKINS,,,,,,,,,,
Larry,April,WEBSTER,,,,,,,,,,
Saul,Julie,NORMAN,,,,,,,,,,
Payton,Alessandra,MALONE,,,,,,,,,,
August,Julissa,HAMMOND,,,,,,,,,,
Jalen,Kailyn,FLOWERS,,,,,,,,,,
Enzo,Jazlyn,COBB,,,,,,,,,,
Jay,Janiyah,MOODY,,,,,,,,,,
Rocco,Kaylie,QUINN,,,,,,,,,,
Kolton,Madelynn,BLAKE,,,,,,,,,,
Russell,Baylee,MAXWELL,,,,,,,,,,
Leon,Itzel,POPE,,,,,,,,,,
Philip,Monica,FLOYD,,,,,,,,,,
Gael,Adelaide,OSBORNE,,,,,,,,,,
Quentin,Brylee,PAUL,,,,,,,,,,
Tony,Michaela,MCCARTHY,,,,,,,,,,
Mathew,Madisyn,GUERRERO,,,,,,,,,,
Kade,Cassandra,LINDSEY,,,,,,,,,,
Gideon,Elle,ESTRADA,,,,,,,,,,
Dennis,Kaylin,SANDOVAL,,,,,,,,,,
Damon,Aniya,GIBBS,,,,,,,,,,
Darren,Dulce,TYLER,,,,,,,,,,
Kason,Olive,GROSS,,,,,,,,,,
Walker,Jaelyn,FITZGERALD,,,,,,,,,,
Jimmy,Courtney,STOKES,,,,,,,,,,
Alberto,Brittany,DOYLE,,,,,,,,,,
Mitchell,Madalyn,SHERMAN,,,,,,,,,,
Alec,Jasmin,SAUNDERS,,,,,,,,,,
Rodrigo,Kamila,WISE,,,,,,,,,,
Casey,Kiley,COLON,,,,,,,,,,
River,Tenley,GILL,,,,,,,,,,
Maverick,Braelyn,ALVARADO,,,,,,,,,,
Amare,Holly,GREER,,,,,,,,,,
Brayan,Helen,PADILLA,,,,,,,,,,
Mohamed,Hayley,SIMON,,,,,,,,,,
Issac,Carolina,WATERS,,,,,,,,,,
Yahir,Cynthia,NUNEZ,,,,,,,,,,
Arturo,Talia,BALLARD,,,,,,,,,,
Moises,Anya,SCHWARTZ,,,,,,,,,,
Maximilian,Estrella,MCBRIDE,,,,,,,,,,
Knox,Bristol,HOUSTON,,,,,,,,,,
Barrett,Jimena,CHRISTENSEN,,,,,,,,,,
Davis,Harley,KLEIN,,,,,,,,,,
Gustavo,Jamie,PRATT,,,,,,,,,,
Curtis,Rebekah,BRIGGS,,,,,,,,,,
Hugo,Charlee,PARSONS,,,,,,,,,,
Reece,Lacey,MCLAUGHLIN,,,,,,,,,,
Chandler,Jaliyah,ZIMMERMAN,,,,,,,,,,
Mauricio,Cameron,FRENCH,,,,,,,,,,
Jamari,Sarai,BUCHANAN,,,,,,,,,,
Abram,Caylee,MORAN,,,,,,,,,,
Uriel,Kennedi,COPELAND,,,,,,,,,,
Bryant,Dayana,ROY,,,,,,,,,,
Archer,Tatiana,PITTMAN,,,,,,,,,,
Kamden,Serena,BRADY,,,,,,,,,,
Solomon,Eloise,MCCORMICK,,,,,,,,,,
Porter,Daphne,HOLLOWAY,,,,,,,,,,
Zackary,Mckinley,BROCK,,,,,,,,,,
Adriel,Mikaela,POOLE,,,,,,,,,,
Ryland,Celeste,FRANK,,,,,,,,,,
Lawrence,Hanna,LOGAN,,,,,,,,,,
Noel,Lucille,OWEN,,,,,,,,,,
Alijah,Skyler,BASS,,,,,,,,,,
Ricky,Nylah,MARSH,,,,,,,,,,
Ronan,Camilla,DRAKE,,,,,,,,,,
Leonel,Lilian,WONG,,,,,,,,,,
Maurice,Lindsey,JEFFERSON,,,,,,,,,,
Chris,Sage,PARK,,,,,,,,,,
Atticus,Viviana,MORTON,,,,,,,,,,
Brenden,Danica,ABBOTT,,,,,,,,,,
Ibrahim,Liana,SPARKS,,,,,,,,,,
Zachariah,Melany,PATRICK,,,,,,,,,,
Khalil,Aileen,NORTON,,,,,,,,,,
Lance,Lillie,HUFF,,,,,,,,,,
Marvin,Kadence,CLAYTON,,,,,,,,,,
Dane,Zariah,MASSEY,,,,,,,,,,
Bruce,June,LLOYD,,,,,,,,,,
Cullen,Lilyana,FIGUEROA,,,,,,,,,,
Orion,Bridget,CARSON,,,,,,,,,,
Nikolas,Anabelle,BOWERS,,,,,,,,,,
Pierce,Lexie,ROBERSON,,,,,,,,,,
Kieran,Anaya,BARTON,,,,,,,,,,
Braeden,Skye,TRAN,,,,,,,,,,
Kobe,Alyson,LAMB,,,,,,,,,,
Finnegan,Angie,HARRINGTON,,,,,,,,,,
Remington,Paola,CASEY,,,,,,,,,,
Muhammad,Elsie,BOONE,,,,,,,,,,
Prince,Erica,CORTEZ,,,,,,,,,,
Orlando,Gracelyn,CLARKE,,,,,,,,,,
Alfredo,Kiera,MATHIS,,,,,,,,,,
Mekhi,Myla,SINGLETON,,,,,,,,,,
Sam,Aylin,WILKINS,,,,,,,,,,
Rhys,Lana,CAIN,,,,,,,,,,
Jacoby,Priscilla,BRYAN,,,,,,,,,,
Eddie,Kassidy,UNDERWOOD,,,,,,,,,,
Zaiden,Natasha,HOGAN,,,,,,,,,,
Ernesto,Nia,MCKENZIE,,,,,,,,,,
Joe,Kenley,COLLIER,,,,,,,,,,
Kristopher,Dylan,LUNA,,,,,,,,,,
Jonas,Kali,PHELPS,,,,,,,,,,
Gary,Ada,MCGUIRE,,,,,,,,,,
Jamison,Miracle,ALLISON,,,,,,,,,,
Nico,Raelynn,BRIDGES,,,,,,,,,,
Johan,Briella,WILKERSON,,,,,,,,,,
Giovani,Emilee,NASH,,,,,,,,,,
Malcolm,Lorelei,SUMMERS,,,,,,,,,,
Armani,Francesca,ATKINS,,,,,,,,,,
Warren,Arielle,WILCOX,,,,,,,,,,
Gunnar,Madyson,PITTS,,,,,,,,,,
Ramon,Amira,CONLEY,,,,,,,,,,
Franklin,Jaelynn,MARQUEZ,,,,,,,,,,
Kane,Nataly,BURNETT,,,,,,,,,,
Byron,Annika,RICHARD,,,,,,,,,,
Cason,Joy,COCHRAN,,,,,,,,,,
Brett,Alanna,CHASE,,,,,,,,,,
Ari,Shayla,DAVENPORT,,,,,,,,,,
Deandre,Brenna,HOOD,,,,,,,,,,
Finley,Sloane,GATES,,,,,,,,,,
Justice,Vera,CLAY,,,,,,,,,,
Douglas,Abbigail,AYALA,,,,,,,,,,
Cyrus,Amari,SAWYER,,,,,,,,,,
Gianni,Jaycee,ROMAN,,,,,,,,,,
Talon,Lauryn,VAZQUEZ,,,,,,,,,,
Camron,Skyla,DICKERSON,,,,,,,,,,
Cannon,Whitney,HODGE,,,,,,,,,,
Nash,Aspen,ACOSTA,,,,,,,,,,
Dorian,Johanna,FLYNN,,,,,,,,,,
Kendrick,Jaylah,ESPINOZA,,,,,,,,,,
Moses,Nathalie,NICHOLSON,,,,,,,,,,
Arjun,Laney,MONROE,,,,,,,,,,
Sullivan,Logan,WOLF,,,,,,,,,,
Kasen,Brinley,MORROW,,,,,,,,,,
Dominik,Leighton,KIRK,,,,,,,,,,
Ahmed,Marlee,RANDALL,,,,,,,,,,
Korbin,Ciara,ANTHONY,,,,,,,,,,
Roger,Justice,WHITAKER,,,,,,,,,,
Royce,Brenda,OCONNOR,,,,,,,,,,
Quinton,Kayden,SKINNER,,,,,,,,,,
Salvador,Erika,WARE,,,,,,,,,,
Isaias,Elisa,MOLINA,,,,,,,,,,
Skylar,Lainey,KIRBY,,,,,,,,,,
Raiden,Rowan,HUFFMAN,,,,,,,,,,
Terry,Annabel,BRADFORD,,,,,,,,,,
Brodie,Teresa,CHARLES,,,,,,,,,,
Tobias,Dahlia,GILMORE,,,,,,,,,,
Morgan,Janiya,DOMINGUEZ,,,,,,,,,,
Frederick,Lizbeth,ONEAL,,,,,,,,,,
Madden,Nancy,BRUCE,,,,,,,,,,
Conor,Aleena,LANG,,,,,,,,,,
Reese,Kaliyah,COMBS,,,,,,,,,,
Braiden,Farrah,KRAMER,,,,,,,,,,
Kelvin,Marilyn,HEATH,,,,,,,,,,
Julien,Eve,HANCOCK,,,,,,,,,,
Kristian,Anahi,GALLAGHER,,,,,,,,,,
Rodney,Rosalie,GAINES,,,,,,,,,,
Wade,Jaylynn,SHAFFER,,,,,,,,,,
Davion,Bailee,SHORT,,,,,,,,,,
Nickolas,Emmalyn,WIGGINS,,,,,,,,,,
Xzavier,Madilynn,MATHEWS,,,,,,,,,,
Alvin,Lea,MCCLAIN,,,,,,,,,,
Asa,Sylvia,FISCHER,,,,,,,,,,
Alonzo,Annalise,WALL,,,,,,,,,,
Ezequiel,Averie,SMALL,,,,,,,,,,
Boston,Yareli,MELTON,,,,,,,,,,
Nasir,Zoie,HENSLEY,,,,,,,,,,
Nelson,Samara,BOND,,,,,,,,,,
Jase,Amani,DYER,,,,,,,,,,
London,Regina,CAMERON,,,,,,,,,,
Mohammed,Hailee,GRIMES,,,,,,,,,,
Rhett,Arely,CONTRERAS,,,,,,,,,,
Jermaine,Evelynn,CHRISTIAN,,,,,,,,,,
Roy,Luciana,WYATT,,,,,,,,,,
Matias,Natalee,BAXTER,,,,,,,,,,
Ace,Anika,SNOW,,,,,,,,,,
Chad,Liberty,MOSLEY,,,,,,,,,,
Moshe,Giana,SHEPHERD,,,,,,,,,,
Aarav,Haven,LARSEN,,,,,,,,,,
Keagan,Gloria,HOOVER,,,,,,,,,,
Aldo,Gwendolyn,BEASLEY,,,,,,,,,,
Blaine,Jazlynn,GLENN,,,,,,,,,,
Marc,Marisol,PETERSEN,,,,,,,,,,
Rohan,Ryan,WHITEHEAD,,,,,,,,,,
Bently,Virginia,MEYERS,,,,,,,,,,
Trace,Myah,KEITH,,,,,,,,,,
Kamari,Elsa,GARRISON,,,,,,,,,,
Layne,Selah,VINCENT,,,,,,,,,,
Carmelo,Melina,SHIELDS,,,,,,,,,,
Demetrius,Aryanna,HORN,,,,,,,,,,
Lawson,Adelynn,SAVAGE,,,,,,,,,,
Nathanael,Raelyn,OLSEN,,,,,,,,,,
Uriah,Miah,SCHROEDER,,,,,,,,,,
Terrance,Sariah,HARTMAN,,,,,,,,,,
Ahmad,Kaylynn,WOODARD,,,,,,,,,,
Jamarion,Amara,MUELLER,,,,,,,,,,
Shaun,Helena,KEMP,,,,,,,,,,
Kale,Jaylee,DELEON,,,,,,,,,,
Noe,Maeve,BOOTH,,,,,,,,,,
Carl,Raven,PATEL,,,,,,,,,,
Jaydon,Linda,CALHOUN,,,,,,,,,,
Callen,Anne,WILEY,,,,,,,,,,
Micheal,Desiree,EATON,,,,,,,,,,
Jaxen,Madalynn,CLINE,,,,,,,,,,
Lucian,Meredith,NAVARRO,,,,,,,,,,
Jaxton,Clarissa,HARRELL,,,,,,,,,,
Rory,Elyse,LESTER,,,,,,,,,,
Quincy,Marie,HUMPHREY,,,,,,,,,,
Guillermo,Alissa,PARRISH,,,,,,,,,,
Javon,Anabella,DURAN,,,,,,,,,,
Kian,Hallie,HUTCHINSON,,,,,,,,,,
Wilson,Denise,HESS,,,,,,,,,,
Jeffery,Elisabeth,DORSEY,,,,,,,,,,
Joey,Kaia,BULLOCK,,,,,,,,,,
Kendall,Danika,ROBLES,,,,,,,,,,
Harper,Kimora,BEARD,,,,,,,,,,
Jensen,Milan,DALTON,,,,,,,,,,
Mohammad,Claudia,AVILA,,,,,,,,,,
Dayton,Dana,VANCE,,,,,,,,,,
Billy,Siena,RICH,,,,,,,,,,
Jonathon,Zion,BLACKWELL,,,,,,,,,,
Jadiel,Ansley,YORK,,,,,,,,,,
Willie,Sandra,JOHNS,,,,,,,,,,
Jadon,Cara,BLANKENSHIP,,,,,,,,,,
Clark,Halle,TREVINO,,,,,,,,,,
Rex,Maleah,SALINAS,,,,,,,,,,
Francis,Marina,CAMPOS,,,,,,,,,,
Kash,Saniyah,PRUITT,,,,,,,,,,
Malakai,Casey,MOSES,,,,,,,,,,
Terrell,Harlow,CALLAHAN,,,,,,,,,,
Melvin,Kassandra,GOLDEN,,,,,,,,,,
Cristopher,Charley,MONTOYA,,,,,,,,,,
Layton,Rosa,HARDIN,,,,,,,,,,
Ariel,Shiloh,GUERRA,,,,,,,,,,
Sylas,Tori,MCDOWELL,,,,,,,,,,
Gerald,Adele,CAREY,,,,,,,,,,
Kody,Kiana,STAFFORD,,,,,,,,,,
Messiah,Ariella,GALLEGOS,,,,,,,,,,
Semaj,Jaylene,HENSON,,,,,,,,,,
Triston,Joslyn,WILKINSON,,,,,,,,,,
Bentlee,Kathleen,BOOKER,,,,,,,,,,
Lewis,Aisha,MERRITT,,,,,,,,,,
Marlon,Amya,MIRANDA,,,,,,,,,,
Tomas,Ayanna,ATKINSON,,,,,,,,,,
Aidyn,Isis,ORR,,,,,,,,,,
Tommy,Karlee,DECKER,,,,,,,,,,
Alessandro,Cindy,HOBBS,,,,,,,,,,
Isiah,Perla,PRESTON,,,,,,,,,,
Jagger,Janessa,TANNER,,,,,,,,,,
Nikolai,Lylah,KNOX,,,,,,,,,,
Omari,Raquel,PACHECO,,,,,,,,,,
Sincere,Zara,STEPHENSON,,,,,,,,,,
Cory,Evie,GLASS,,,,,,,,,,
Rene,Phoenix,ROJAS,,,,,,,,,,
Terrence,Catalina,SERRANO,,,,,,,,,,
Harley,Lilianna,MARKS,,,,,,,,,,
Kylan,Mollie,HICKMAN,,,,,,,,,,
Luciano,Simone,ENGLISH,,,,,,,,,,
Aron,Briley,SWEENEY,,,,,,,,,,
Felipe,Bria,STRONG,,,,,,,,,,
Reginald,Kristina,PRINCE,,,,,,,,,,
Tristian,Lindsay,MCCLURE,,,,,,,,,,
Urijah,Rosemary,CONWAY,,,,,,,,,,
Beckham,Cecelia,WALTER,,,,,,,,,,
Jordyn,Kourtney,ROTH,,,,,,,,,,
Kayson,Aliya,MAYNARD,,,,,,,,,,
Neil,Asia,FARRELL,,,,,,,,,,
Osvaldo,Elin,LOWERY,,,,,,,,,,
Aydin,Isabela,HURST,,,,,,,,,,
Ulises,Kristen,NIXON,,,,,,,,,,
Deacon,Yasmin,WEISS,,,,,,,,,,
Giovanny,Alani,TRUJILLO,,,,,,,,,,
Case,Aiyana,ELLISON,,,,,,,,,,
Daxton,Amiya,SLOAN,,,,,,,,,,
Will,Felicity,JUAREZ,,,,,,,,,,
Lee,Patricia,WINTERS,,,,,,,,,,
Makai,Kailee,MCLEAN,,,,,,,,,,
Raphael,Adrienne,RANDOLPH,,,,,,,,,,
Tripp,Aliana,LEON,,,,,,,,,,
Kole,Ember,BOYER,,,,,,,,,,
Channing,Mariyah,VILLARREAL,,,,,,,,,,
Santino,Mariam,MCCALL,,,,,,,,,,
Stanley,Ally,GENTRY,,,,,,,,,,
Allan,Bryanna,CARRILLO,,,,,,,,,,
Alonso,Tabitha,KENT,,,,,,,,,,
Jamal,Wendy,AYERS,,,,,,,,,,
Jorden,Sidney,LARA,,,,,,,,,,
Davin,Clare,SHANNON,,,,,,,,,,
Soren,Aimee,SEXTON,,,,,,,,,,
Aryan,Laylah,PACE,,,,,,,,,,
Aydan,Maia,HULL,,,,,,,,,,
Camren,Karsyn,LEBLANC,,,,,,,,,,
Jasiah,Greta,BROWNING,,,,,,,,,,
Ray,Noemi,VELASQUEZ,,,,,,,,,,
Ben,Jayde,LEACH,,,,,,,,,,
Jon,Kallie,CHANG,,,,,,,,,,
Bobby,Leanna,HOUSE,,,,,,,,,,
Darrell,Irene,SELLERS,,,,,,,,,,
Markus,Jessie,HERRING,,,,,,,,,,
Branden,Paityn,NOBLE,,,,,,,,,,
Hank,Kaleigh,FOLEY,,,,,,,,,,
Mathias,Lesly,BARTLETT,,,,,,,,,,
Adonis,Gracelynn,MERCADO,,,,,,,,,,
Darian,Amelie,LANDRY,,,,,,,,,,
Jessie,Iliana,DURHAM,,,,,,,,,,
Marquis,Elaine,WALLS,,,,,,,,,,
Vicente,Lillianna,BARR,,,,,,,,,,
Zayne,Ellen,MCKEE,,,,,,,,,,
Kenny,Taryn,BAUER,,,,,,,,,,
Raylan,Lailah,RIVERS,,,,,,,,,,
Jefferson,Rylan,EVERETT,,,,,,,,,,
Steve,Lisa,BRADSHAW,,,,,,,,,,
Wayne,Emersyn,PUGH,,,,,,,,,,
Leonard,Braelynn,VELEZ,,,,,,,,,,
Kolby,Shannon,RUSH,,,,,,,,,,
Ayaan,Beatrice,ESTES,,,,,,,,,,
Emery,Heather,DODSON,,,,,,,,,,
Harry,Jaylin,MORSE,,,,,,,,,,
Rashad,Taliyah,SHEPPARD,,,,,,,,,,
Adrien,Arya,WEEKS,,,,,,,,,,
Dax,Emilie,CAMACHO,,,,,,,,,,
Dwayne,Ali,BEAN,,,,,,,,,,
Samir,Janae,BARRON,,,,,,,,,,
Zechariah,Chaya,LIVINGSTON,,,,,,,,,,
Yusuf,Cherish,MIDDLETON,,,,,,,,,,
Ronnie,Jaida,SPEARS,,,,,,,,,,
Tristin,Journee,BRANCH,,,,,,,,,,
Benson,Sawyer,BLEVINS,,,,,,,,,,
Memphis,Destinee,CHEN,,,,,,,,,,
Lamar,Emmalee,KERR,,,,,,,,,,
Maxim,Ivanna,MCCONNELL,,,,,,,,,,
Bowen,Charli,HATFIELD,,,,,,,,,,
Ellis,Jocelynn,HARDING,,,,,,,,,,
Javion,Kaya,ASHLEY,,,,,,,,,,
Tatum,Elianna,SOLIS,,,,,,,,,,
Clay,Armani,HERMAN,,,,,,,,,,
Alexzander,Kaitlynn,FROST,,,,,,,,,,
Draven,Rihanna,GILES,,,,,,,,,,
Odin,Reyna,BLACKBURN,,,,,,,,,,
Branson,Christine,WILLIAM,,,,,,,,,,
Elisha,Alia,PENNINGTON,,,,,,,,,,
Rudy,Leyla,WOODWARD,,,,,,,,,,
Zain,Mckayla,FINLEY,,,,,,,,,,
Rayan,Celia,MCINTOSH,,,,,,,,,,
Sterling,Raina,KOCH,,,,,,,,,,
Brennen,Alayah,BEST,,,,,,,,,,
Jairo,Macey,SOLOMON,,,,,,,,,,
Brendon,Meghan,MCCULLOUGH,,,,,,,,,,
Kareem,Zaniyah,DUDLEY,,,,,,,,,,
Rylee,Carolyn,NOLAN,,,,,,,,,,
Winston,Kynlee,BLANCHARD,,,,,,,,,,
Jerome,Carlee,RIVAS,,,,,,,,,,
Kyson,Alena,BRENNAN,,,,,,,,,,
Lennon,Bryn,MEJIA,,,,,,,,,,
Luka,Jolie,KANE,,,,,,,,,,
Crosby,Carla,BENTON,,,,,,,,,,
Deshawn,Eileen,JOYCE,,,,,,,,,,
Roland,Keyla,BUCKLEY,,,,,,,,,,
Zavier,Saniya,HALEY,,,,,,,,,,
Cedric,Livia,VALENTINE,,,,,,,,,,
Vance,Amina,MADDOX,,,,,,,,,,
Niko,Angeline,RUSSO,,,,,,,,,,
Gauge,Krystal,MCKNIGHT,,,,,,,,,,
Kaeden,Zaria,BUCK,,,,,,,,,,
Killian,Emelia,MOON,,,,,,,,,,
Vincenzo,Renata,MCMILLAN,,,,,,,,,,
Teagan,Mercedes,CROSBY,,,,,,,,,,
Trevon,Paulina,BERG,,,,,,,,,,
Kymani,Diamond,DOTSON,,,,,,,,,,
Valentino,Jenny,MAYS,,,,,,,,,,
Abdullah,Aviana,ROACH,,,,,,,,,,
Bo,Ayleen,CHURCH,,,,,,,,,,
Darwin,Barbara,CHAN,,,,,,,,,,
Hamza,Alisha,RICHMOND,,,,,,,,,,
Kolten,Jaqueline,MEADOWS,,,,,,,,,,
Edison,Maryam,FAULKNER,,,,,,,,,,
Jovani,Julianne,ONEILL,,,,,,,,,,
Augustus,Matilda,KNAPP,,,,,,,,,,
Gavyn,Sonia,KLINE,,,,,,,,,,
Toby,Edith,BARRY,,,,,,,,,,
Davian,Martha,OCHOA,,,,,,,,,,
Rogelio,Audriana,JACOBSON,,,,,,,,,,
Matthias,Kaylyn,GAY,,,,,,,,,,
Brent,Emmy,AVERY,,,,,,,,,,
Hayes,Giada,HENDRICKS,,,,,,,,,,
Brogan,Tegan,HORNE,,,,,,,,,,
Jamir,Charleigh,SHEPARD,,,,,,,,,,
Damion,Haleigh,HEBERT,,,,,,,,,,
Emmitt,Nathaly,CHERRY,,,,,,,,,,
Landry,Susan,CARDENAS,,,,,,,,,,
Chaim,Kendal,MCINTYRE,,,,,,,,,,
Jaylin,Leia,WHITNEY,,,,,,,,,,
Yosef,Jordynn,WALLER,,,,,,,,,,
Kamron,Amirah,HOLMAN,,,,,,,,,,
Lionel,Giovanna,DONALDSON,,,,,,,,,,
Van,Mira,CANTU,,,,,,,,,,
Bronson,Addilyn,TERRELL,,,,,,,,,,
Casen,Frances,MORIN,,,,,,,,,,
Junior,Kaitlin,GILLESPIE,,,,,,,,,,
Misael,Kyndall,FUENTES,,,,,,,,,,
Yandel,Myra,TILLMAN,,,,,,,,,,
Alfonso,Abbie,SANFORD,,,,,,,,,,
Giancarlo,Samiyah,BENTLEY,,,,,,,,,,
Rolando,Taraji,PECK,,,,,,,,,,
Abdiel,Braylee,KEY,,,,,,,,,,
Aaden,Corinne,SALAS,,,,,,,,,,
Deangelo,Jazmyn,ROLLINS,,,,,,,,,,
Duncan,Kaiya,GAMBLE,,,,,,,,,,
Ishaan,Lorelai,DICKSON,,,,,,,,,,
Jamie,Abril,BATTLE,,,,,,,,,,
Maximo,Kenya,SANTANA,,,,,,,,,,
Cael,Mae,CABRERA,,,,,,,,,,
Conrad,Hadassah,CERVANTES,,,,,,,,,,
Ronin,Alisson,HOWE,,,,,,,,,,
Xavi,Haylie,HINTON,,,,,,,,,,
Dominique,Brisa,HURLEY,,,,,,,,,,
Ean,Deborah,SPENCE,,,,,,,,,,
Tyrone,Mina,ZAMORA,,,,,,,,,,
Chace,Rayne,YANG,,,,,,,,,,
Craig,America,MCNEIL,,,,,,,,,,
Mayson,Ryann,SUAREZ,,,,,,,,,,
Quintin,Milania,CASE,,,,,,,,,,
Derick,Pearl,PETTY,,,,,,,,,,
Bradyn,Blake,GOULD,,,,,,,,,,
Izayah,Millie,MCFARLAND,,,,,,,,,,
Zachery,Deanna,SAMPSON,,,,,,,,,,
Westin,Araceli,CARVER,,,,,,,,,,
Alvaro,Demi,BRAY,,,,,,,,,,
Johnathon,Gisselle,ROSARIO,,,,,,,,,,
Ramiro,Paula,MACDONALD,,,,,,,,,,
Konner,Karissa,STOUT,,,,,,,,,,
Lennox,Sharon,HESTER,,,,,,,,,,
Marcelo,Kensley,MELENDEZ,,,,,,,,,,
Blaze,Rachael,DILLON,,,,,,,,,,
Eugene,Aryana,FARLEY,,,,,,,,,,
Keenan,Chanel,HOPPER,,,,,,,,,,
Bruno,Natalya,GALLOWAY,,,,,,,,,,
Deegan,Hayleigh,POTTS,,,,,,,,,,
Rayden,Paloma,BERNARD,,,,,,,,,,
Cale,Avianna,JOYNER,,,,,,,,,,
Camryn,Jemma,STEIN,,,,,,,,,,
Eden,Moriah,AGUIRRE,,,,,,,,,,
Jamar,Renee,OSBORN,,,,,,,,,,
Leandro,Alyvia,MERCER,,,,,,,,,,
Sage,Zariyah,BENDER,,,,,,,,,,
Marcel,Hana,FRANCO,,,,,,,,,,
Jovanni,Judith,ROWLAND,,,,,,,,,,
Rodolfo,Kinsey,SYKES,,,,,,,,,,
Seamus,Salma,BENJAMIN,,,,,,,,,,
Cain,Kenna,TRAVIS,,,,,,,,,,
Damarion,Mara,PICKETT,,,,,,,,,,
Harold,Patience,CRANE,,,,,,,,,,
Jaeden,Saanvi,SEARS,,,,,,,,,,
Konnor,Cristina,MAYO,,,,,,,,,,
Jair,Dixie,DUNLAP,,,,,,,,,,
Callum,Kaylen,HAYDEN,,,,,,,,,,
Rowen,Averi,WILDER,,,,,,,,,,
Rylen,Carlie,MCKAY,,,,,,,,,,
Arnav,Kirsten,COFFEY,,,,,,,,,,
Ernest,Lilyanna,MCCARTY,,,,,,,,,,
Gilberto,Charity,EWING,,,,,,,,,,
Irvin,Larissa,COOLEY,,,,,,,,,,
Fisher,Zuri,VAUGHAN,,,,,,,,,,
Randall,Chana,BONNER,,,,,,,,,,
Heath,Ingrid,COTTON,,,,,,,,,,
Justus,Lina,HOLDER,,,,,,,,,,
Lyric,Tianna,STARK,,,,,,,,,,
Masen,Lilia,FERRELL,,,,,,,,,,
Amos,Marisa,CANTRELL,,,,,,,,,,
Frankie,Nahla,FULTON,,,,,,,,,,
Harvey,Sherlyn,LYNN,,,,,,,,,,
Kamryn,Adyson,LOTT,,,,,,,,,,
Alden,Cailyn,CALDERON,,,,,,,,,,
Hassan,Princess,ROSA,,,,,,,,,,
Salvatore,Yoselin,POLLARD,,,,,,,,,,
Theo,Aubrianna,HOOPER,,,,,,,,,,
Darien,Maritza,BURCH,,,,,,,,,,
Gilbert,Rayna,MULLEN,,,,,,,,,,
Krish,Luz,FRY,,,,,,,,,,
Mike,Cheyanne,RIDDLE,,,,,,,,,,
Todd,Azaria,LEVY,,,,,,,,,,
Jaidyn,Jacey,DAVID,,,,,,,,,,
Isai,Roselyn,DUKE,,,,,,,,,,
Samson,Elliot,ODONNELL,,,,,,,,,,
Cassius,Jaiden,GUY,,,,,,,,,,
Hezekiah,Tara,MICHAEL,,,,,,,,,,
Makhi,Alma,BRITT,,,,,,,,,,
Antoine,Esperanza,FREDERICK,,,,,,,,,,
Darnell,Jakayla,DAUGHERTY,,,,,,,,,,
Remy,Yesenia,BERGER,,,,,,,,,,
Stefan,Kiersten,DILLARD,,,,,,,,,,
Camdyn,Marlene,ALSTON,,,,,,,,,,
Kyron,Nova,JARVIS,,,,,,,,,,
Callan,Adelina,FRYE,,,,,,,,,,
Dario,Ayana,RIGGS,,,,,,,,,,
Jedidiah,Kai,CHANEY,,,,,,,,,,
Leonidas,Nola,ODOM,,,,,,,,,,
Deven,Sloan,DUFFY,,,,,,,,,,
Fletcher,Avah,FITZPATRICK,,,,,,,,,,
Sonny,Carley,VALENZUELA,,,,,,,,,,
Reagan,Meadow,MERRILL,,,,,,,,,,
Yadiel,Neveah,MAYER,,,,,,,,,,
Jerimiah,Tamia,ALFORD,,,,,,,,,,
Efrain,Alaya,MCPHERSON,,,,,,,,,,
Sidney,Jadyn,ACEVEDO,,,,,,,,,,
Santos,Sanaa,DONOVAN,,,,,,,,,,
Aditya,Kailynn,BARRERA,,,,,,,,,,
Brenton,Diya,ALBERT,,,,,,,,,,
Brysen,Rory,COTE,,,,,,,,,,
Nixon,Abbey,REILLY,,,,,,,,,,
Tyrell,Karis,COMPTON,,,,,,,,,,
Vaughn,Maliah,RAYMOND,,,,,,,,,,
Elvis,Belen,MOONEY,,,,,,,,,,
Freddy,Bentley,MCGOWAN,,,,,,,,,,
Demarcus,Jaidyn,CRAFT,,,,,,,,,,
Gaige,Shania,CLEVELAND,,,,,,,,,,
Jaylon,Britney,CLEMONS,,,,,,,,,,
Gibson,Yazmin,WYNN,,,,,,,,,,
Thaddeus,Aubri,NIELSEN,,,,,,,,,,
Zaire,Malaya,BAIRD,,,,,,,,,,
Coleman,Micah,STANTON,,,,,,,,,,
Roderick,River,SNIDER,,,,,,,,,,
Jabari,Alannah,ROSALES,,,,,,,,,,
Zackery,Jolene,BRIGHT,,,,,,,,,,
Agustin,Shaniya,WITT,,,,,,,,,,
Alfred,Tia,STUART,,,,,,,,,,
Arlo,Yamilet,HAYS,,,,,,,,,,
Braylin,Bryleigh,HOLDEN,,,,,,,,,,
Leighton,Carissa,RUTLEDGE,,,,,,,,,,
Turner,Karlie,KINNEY,,,,,,,,,,
Arian,Libby,CLEMENTS,,,,,,,,,,
Clinton,Lilith,CASTANEDA,,,,,,,,,,
Legend,Lara,SLATER,,,,,,,,,,
Miller,Tess,HAHN,,,,,,,,,,
Quinten,Aliza,EMERSON,,,,,,,,,,
Mustafa,Laurel,CONRAD,,,,,,,,,,
Jakobe,Kaelynn,BURKS,,,,,,,,,,
Lathan,Leona,DELANEY,,,,,,,,,,
Otto,Regan,PATE,,,,,,,,,,
Blaise,Yaritza,LANCASTER,,,,,,,,,,
Vihaan,Kasey,SWEET,,,,,,,,,,
Enoch,Mattie,JUSTICE,,,,,,,,,,
Ross,Audrianna,TYSON,,,,,,,,,,
Brice,Blakely,SHARPE,,,,,,,,,,
Houston,Campbell,WHITFIELD,,,,,,,,,,
Rey,Dorothy,TALLEY,,,,,,,,,,
Benton,Julieta,MACIAS,,,,,,,,,,
Bodhi,Kylah,IRWIN,,,,,,,,,,
Graysen,Kyndal,BURRIS,,,,,,,,,,
Johann,Temperance,RATLIFF,,,,,,,,,,
Reuben,Tinley,MCCRAY,,,,,,,,,,
Crew,Akira,MADDEN,,,,,,,,,,
Darryl,Saige,KAUFMAN,,,,,,,,,,
Donte,Ashtyn,BEACH,,,,,,,,,,
Flynn,Jewel,GOFF,,,,,,,,,,
Jaycob,Kelsie,CASH,,,,,,,,,,
Jean,Miya,BOLTON,,,,,,,,,,
Maxton,Cambria,MCFADDEN,,,,,,,,,,
Anders,Analia,LEVINE,,,,,,,,,,
Hugh,Janet,GOOD,,,,,,,,,,
Ignacio,Kairi,BYERS,,,,,,,,,,
Ralph,Aleigha,KIRKLAND,,,,,,,,,,
Trystan,Bree,KIDD,,,,,,,,,,
Devan,Dalia,WORKMAN,,,,,,,,,,
Franco,Liv,CARNEY,,,,,,,,,,
Mariano,Sarahi,DALE,,,,,,,,,,
Tyree,Yamileth,MCLEOD,,,,,,,,,,
Bridger,Carleigh,HOLCOMB,,,,,,,,,,
Howard,Geraldine,ENGLAND,,,,,,,,,,
Jaydan,Izabelle,FINCH,,,,,,,,,,
Brecken,Riya,HEAD,,,,,,,,,,
Joziah,Samiya,BURT,,,,,,,,,,
Valentin,Abrielle,HENDRIX,,,,,,,,,,
Broderick,Annabell,SOSA,,,,,,,,,,
Maxx,Leigha,HANEY,,,,,,,,,,
Elian,Pamela,FRANKS,,,,,,,,,,
Eliseo,Caydence,SARGENT,,,,,,,,,,
Haiden,Joyce,NIEVES,,,,,,,,,,
Tyrese,Juniper,DOWNS,,,,,,,,,,
Zeke,Malaysia,RASMUSSEN,,,,,,,,,,
Keon,Isabell,BIRD,,,,,,,,,,
Maksim,Blair,HEWITT,,,,,,,,,,
Coen,Jaylyn,LINDSAY,,,,,,,,,,
Cristiano,Marianna,LE,,,,,,,,,,
Hendrix,Rivka,FOREMAN,,,,,,,,,,
Damari,Alianna,VALENCIA,,,,,,,,,,
Princeton,Gwyneth,ONEIL,,,,,,,,,,
Davon,Kendyl,DELACRUZ,,,,,,,,,,
Deon,Sky,VINSON,,,,,,,,,,
Kael,Esme,DEJESUS,,,,,,,,,,
Dimitri,Jaden,HYDE,,,,,,,,,,
Jaron,Sariyah,FORBES,,,,,,,,,,
Jaydin,Stacy,GILLIAM,,,,,,,,,,
Kyan,Kimber,GUTHRIE,,,,,,,,,,
Corban,Kamille,WOOTEN,,,,,,,,,,
Kingsley,Milagros,HUBER,,,,,,,,,,
Major,Karly,BARLOW,,,,,,,,,,
Pierre,Karma,BOYLE,,,,,,,,,,
Yehuda,Thalia,MCMAHON,,,,,,,,,,
Cayson,Willa,BUCKNER,,,,,,,,,,
Dangelo,Amalia,ROCHA,,,,,,,,,,
Jeramiah,Hattie,PUCKETT,,,,,,,,,,
Kamren,Payten,LANGLEY,,,,,,,,,,
Kohen,Anabel,KNOWLES,,,,,,,,,,
Camilo,Ann,COOKE,,,,,,,,,,
Cortez,Galilea,VELAZQUEZ,,,,,,,,,,
Keyon,Milana,WHITLEY,,,,,,,,,,
Malaki,Yuliana,NOEL,,,,,,,,,,
Ethen,Damaris,VANG,,,,,,,,,,