Santiago,Sofia, Garcia,,,,,
Sebastián,Isabella, Fernandez,,,,,
Matías,Camila, Lopez,,,,,
Mateo,Valentina, Martinez,,,,,
Nicolás,Valeria, Gonzalez,,,,,
Alejandro,Mariana, Rodriguez,,,,,
Diego,Luciana, Sanchez,,,,,
Samuel,Daniela, Perez,,,,,
Benjamín,Gabriela, Martin,,,,,
Daniel,Victoria, Gomez,,,,,
Joaquín,Martina, Ruiz,,,,,
Lucas,Lucia, Diaz,,,,,
Tomas,Ximena/Jimena, Hernandez,,,,,
Gabriel,Sara, Alvarez,,,,,
Martín,Samantha, Jimenez,,,,,
David,Maria José, Moreno,,,,,
Emiliano,Emma, Munoz,,,,,
Jerónimo,Catalina, Alonso,,,,,
Emmanuel,Julieta, Romero,,,,,
Agustín,Mía, Navarro,,,,,
Juan Pablo,Antonella, Gutierrez,,,,,
Juan José,Renata, Torres,,,,,
Andrés,Emilia, Dominguez,,,,,
Thiago,Natalia, Gil,,,,,
Leonardo,Zoe, Vazquez,,,,,
Felipe,Nicole, Blanco,,,,,
Ángel,Paula, Serrano,,,,,
Maximiliano,Amanda, Ramos,,,,,
Christopher,María Fernanda, Castro,,,,,
Juan Diego,Emily, Suarez,,,,,
Adrián,Antonia, Sanz,,,,,
Pablo,Alejandra, Rubio,,,,,
Miguel Ángel,Juana, Ortega,,,,,
Rodrigo,Andrea, Molina,,,,,
Alexander,Manuela, Delgado,,,,,
Ignacio,Ana Sofia, Ortiz,,,,,
Emilio,Guadalupe, Morales,,,,,
Dylan,Agustina, Ramirez,,,,,
Bruno,Elena, Marin,,,,,
Carlos,María, Iglesias,,,,,
Vicente,Bianca, Santos,,,,,
Valentino,Ariana, Castillo,,,,,
Santino,Ivanna, Garrido,,,,,
Julián,Abril, Calvo,,,,,
Juan Sebastián,Florencia, Pena,,,,,
Aarón,Carolina, Cruz,,,,,
Lautaro,Maite, Cano,,,,,
Axel,Rafaela, Nunez,,,,,
Fernando,Regina, Prieto,,,,,
Ian,Adriana, Diez,,,,,
Christian,Michelle, Lozano,,,,,
Javier,Alma, Vidal,,,,,
Manuel,Violeta, Pascual,,,,,
Luciano,Salomé, Ferrer,,,,,
Francisco,Abigail, Medina,,,,,
Juan David,Juliana, Vega,,,,,
Iker,Valery, Leon,,,,,
Facundo,Isabel, Herrero,,,,,
Rafael,Montserrat, Vicente,,,,,
Alex,Allison, Mendez,,,,,
Franco,Jazmín, Guerrero,,,,,
Antonio,Julia, Fuentes,,,,,
Luis,Lola, Campos,,,,,
Isaac,Luna, Nieto,,,,,
Máximo,Ana, Cortes,,,,,
Pedro,Delfina, Caballero,,,,,
Ricardo,Alessandra, Ibanez,,,,,
Sergio,Ashley, Lorenzo,,,,,
Eduardo,Olivia, Pastor,,,,,
Bautista,Constanza, Gimenez,,,,,
Miguel,Paulina, Saez,,,,,
Cristóbal,Rebeca, Soler,,,,,
Kevin,Carla, Marquez,,,,,
Jorge,María Paula, Carrasco,,,,,
Alonso,Micaela, Herrera,,,,,
Anthony,Fabiana, Montero,,,,,
Simón,Miranda, Arias,,,,,
Juan,Josefina, Crespo,,,,,
Joshua,Laura, Flores,,,,,
Diego Alejandro,Alexa, Andres,,,,,
Juan Manuel,María Alejandra, Aguilar,,,,,
Mario,Luana, Hidalgo,,,,,
Alan,Fátima, Cabrera,,,,,
Josué,Sara Sofía, Mora,,,,,
Gael,Isidora, Duran,,,,,
Hugo,Malena, Velasco,,,,,
Matthew,Romina, Rey,,,,,
Ivan,Ana Paula, Pardo,,,,,
Damián,Mariangel, Roman,,,,,
Lorenzo,Amelia, Vila,,,,,
Juan Martín,Elizabeth, Bravo,,,,,
Esteban,Aitana, Merino,,,,,
Álvaro,Ariadna, Moya,,,,,
Valentín,María Camila, Soto,,,,,
Dante,Irene, Izquierdo,,,,,
Jacobo,Silvana, Reyes,,,,,
Jesús,Clara, Redondo,,,,,
Camilo,Magdalena, Marcos,,,,,
Juan Esteban,Sophie, Carmona,,,,,
Elías,Josefa, Menendez,,,,,